/*
 * MIT License
 * Copyright 2024-present cht
 *
 * Permission is hereby granted, free of charge, to any person obtaining a copy of this software and associated documentation files (the "Software"), to deal in the Software without restriction, including without limitation the rights to use, copy, modify, merge, publish, distribute, sublicense, and/or sell copies of the Software, and to permit persons to whom the Software is furnished to do so, subject to the following conditions:
 *
 * The above copyright notice and this permission notice shall be included in all copies or substantial portions of the Software.
 *
 * THE SOFTWARE IS PROVIDED "AS IS", WITHOUT WARRANTY OF ANY KIND, EXPRESS OR IMPLIED, INCLUDING BUT NOT LIMITED TO THE WARRANTIES OF MERCHANTABILITY, FITNESS FOR A PARTICULAR PURPOSE AND NONINFRINGEMENT. IN NO EVENT SHALL THE AUTHORS OR COPYRIGHT HOLDERS BE LIABLE FOR ANY CLAIM, DAMAGES OR OTHER LIABILITY, WHETHER IN AN ACTION OF CONTRACT, TORT OR OTHERWISE, ARISING FROM, OUT OF OR IN CONNECTION WITH THE SOFTWARE OR THE USE OR OTHER DEALINGS IN THE SOFTWARE.
 */

INSERT INTO `system_menu_info` (`id`, `menu_type`, `menu_title`, `menu_name`, `menu_path`, `parent_id`, `icon`, `extra_icon`, `rank`, `auths`, `frame_src`, `keep_alive`, `show_link`, `show_parent`, `create_user_id`, `create_time`, `update_user_id`, `update_time`, `state`) VALUES (1, 0, '系统管理', 'system', '/system', NULL, 'ep:setting', NULL, 10, NULL, NULL, 0, 1, 1, 1, now(), NULL, NULL, 1);
INSERT INTO `system_menu_info` (`id`, `menu_type`, `menu_title`, `menu_name`, `menu_path`, `parent_id`, `icon`, `extra_icon`, `rank`, `auths`, `frame_src`, `keep_alive`, `show_link`, `show_parent`, `create_user_id`, `create_time`, `update_user_id`, `update_time`, `state`) VALUES (2, 0, '用户管理', 'User', '/system/user/index', 1, 'ri:user-3-fill', NULL, 100, NULL, NULL, 0, 1, 1, 1, now(), NULL, NULL, 1);
INSERT INTO `system_menu_info` (`id`, `menu_type`, `menu_title`, `menu_name`, `menu_path`, `parent_id`, `icon`, `extra_icon`, `rank`, `auths`, `frame_src`, `keep_alive`, `show_link`, `show_parent`, `create_user_id`, `create_time`, `update_user_id`, `update_time`, `state`) VALUES (3, 0, '角色管理', 'Role', '/system/role/index', 1, 'ri:user-heart-line', NULL, 101, NULL, NULL, 0, 1, 1, 1, now(), NULL, NULL, 1);
INSERT INTO `system_menu_info` (`id`, `menu_type`, `menu_title`, `menu_name`, `menu_path`, `parent_id`, `icon`, `extra_icon`, `rank`, `auths`, `frame_src`, `keep_alive`, `show_link`, `show_parent`, `create_user_id`, `create_time`, `update_user_id`, `update_time`, `state`) VALUES (4, 0, '菜单管理', 'Menu', '/system/menu/index', 1, 'ep:menu', NULL, 102, NULL, NULL, 0, 1, 1, 1, now(), NULL, NULL, 1);
INSERT INTO `system_menu_info` (`id`, `menu_type`, `menu_title`, `menu_name`, `menu_path`, `parent_id`, `icon`, `extra_icon`, `rank`, `auths`, `frame_src`, `keep_alive`, `show_link`, `show_parent`, `create_user_id`, `create_time`, `update_user_id`, `update_time`, `state`) VALUES (5, 3, '新增菜单', 'menu_btn_add', NULL, 4, NULL, NULL, 1020, 'menu:btn_add', NULL, 0, 1, 1, 1, now(), NULL, NULL, 1);
INSERT INTO `system_menu_info` (`id`, `menu_type`, `menu_title`, `menu_name`, `menu_path`, `parent_id`, `icon`, `extra_icon`, `rank`, `auths`, `frame_src`, `keep_alive`, `show_link`, `show_parent`, `create_user_id`, `create_time`, `update_user_id`, `update_time`, `state`) VALUES (6, 3, '修改菜单', 'menu_btn_update', '', 4, '', '', 1021, 'menu:btn_update', '', 0, 1, 1, 1, now(), NULL, NULL, 1);
INSERT INTO `system_menu_info` (`id`, `menu_type`, `menu_title`, `menu_name`, `menu_path`, `parent_id`, `icon`, `extra_icon`, `rank`, `auths`, `frame_src`, `keep_alive`, `show_link`, `show_parent`, `create_user_id`, `create_time`, `update_user_id`, `update_time`, `state`) VALUES (7, 3, '删除菜单', 'menu_btn_delete', '', 4, '', '', 1022, 'menu:btn_delete', '', 0, 1, 1, 1, now(), NULL, NULL, 1);
INSERT INTO `system_menu_info` (`id`, `menu_type`, `menu_title`, `menu_name`, `menu_path`, `parent_id`, `icon`, `extra_icon`, `rank`, `auths`, `frame_src`, `keep_alive`, `show_link`, `show_parent`, `create_user_id`, `create_time`, `update_user_id`, `update_time`, `state`) VALUES (8, 3, '新增角色', 'role_btn_add', '', 3, '', '', 1010, 'role:btn_add', '', 0, 1, 1, 1, now(), NULL, NULL, 1);
INSERT INTO `system_menu_info` (`id`, `menu_type`, `menu_title`, `menu_name`, `menu_path`, `parent_id`, `icon`, `extra_icon`, `rank`, `auths`, `frame_src`, `keep_alive`, `show_link`, `show_parent`, `create_user_id`, `create_time`, `update_user_id`, `update_time`, `state`) VALUES (9, 3, '删除角色', 'role_btn_delete', '', 3, '', '', 1012, 'role:btn_delete', '', 0, 1, 1, 1, now(), NULL, NULL, 1);
INSERT INTO `system_menu_info` (`id`, `menu_type`, `menu_title`, `menu_name`, `menu_path`, `parent_id`, `icon`, `extra_icon`, `rank`, `auths`, `frame_src`, `keep_alive`, `show_link`, `show_parent`, `create_user_id`, `create_time`, `update_user_id`, `update_time`, `state`) VALUES (10, 3, '更改角色', 'role_btn_update', '', 3, '', '', 1011, 'role:btn_update', '', 0, 1, 1, 1, now(), NULL, NULL, 1);
INSERT INTO `system_menu_info` (`id`, `menu_type`, `menu_title`, `menu_name`, `menu_path`, `parent_id`, `icon`, `extra_icon`, `rank`, `auths`, `frame_src`, `keep_alive`, `show_link`, `show_parent`, `create_user_id`, `create_time`, `update_user_id`, `update_time`, `state`) VALUES (11, 3, '新增用户', 'user_btn_add', '', 2, '', '', 1000, 'user:btn_add', '', 0, 1, 1, 1, now(), NULL, NULL, 1);
INSERT INTO `system_menu_info` (`id`, `menu_type`, `menu_title`, `menu_name`, `menu_path`, `parent_id`, `icon`, `extra_icon`, `rank`, `auths`, `frame_src`, `keep_alive`, `show_link`, `show_parent`, `create_user_id`, `create_time`, `update_user_id`, `update_time`, `state`) VALUES (12, 3, '修改用户', 'user_btn_update', '', 2, '', '', 1001, 'user:btn_update', '', 0, 1, 1, 1, now(), NULL, NULL, 1);
INSERT INTO `system_menu_info` (`id`, `menu_type`, `menu_title`, `menu_name`, `menu_path`, `parent_id`, `icon`, `extra_icon`, `rank`, `auths`, `frame_src`, `keep_alive`, `show_link`, `show_parent`, `create_user_id`, `create_time`, `update_user_id`, `update_time`, `state`) VALUES (13, 3, '重置密码', 'user_btn_resetpwd', '', 2, '', '', 1003, 'user:btn_resetpwd', '', 0, 1, 1, 1, now(), NULL, NULL, 1);

INSERT INTO `system_menu_role_rel` (`id`, `menu_id`, `role_id`, `create_user_id`, `create_time`, `update_user_id`, `update_time`, `state`) VALUES (1, 1, 1, 1, now(), NULL, NULL, 1);
INSERT INTO `system_menu_role_rel` (`id`, `menu_id`, `role_id`, `create_user_id`, `create_time`, `update_user_id`, `update_time`, `state`) VALUES (2, 2, 1, 1, now(), NULL, NULL, 1);
INSERT INTO `system_menu_role_rel` (`id`, `menu_id`, `role_id`, `create_user_id`, `create_time`, `update_user_id`, `update_time`, `state`) VALUES (3, 3, 1, 1, now(), NULL, NULL, 1);
INSERT INTO `system_menu_role_rel` (`id`, `menu_id`, `role_id`, `create_user_id`, `create_time`, `update_user_id`, `update_time`, `state`) VALUES (4, 4, 1, 1, now(), NULL, NULL, 1);
INSERT INTO `system_menu_role_rel` (`id`, `menu_id`, `role_id`, `create_user_id`, `create_time`, `update_user_id`, `update_time`, `state`) VALUES (5, 5, 1, 1, now(), NULL, NULL, 1);
INSERT INTO `system_menu_role_rel` (`id`, `menu_id`, `role_id`, `create_user_id`, `create_time`, `update_user_id`, `update_time`, `state`) VALUES (6, 6, 1, 1, now(), NULL, NULL, 1);
INSERT INTO `system_menu_role_rel` (`id`, `menu_id`, `role_id`, `create_user_id`, `create_time`, `update_user_id`, `update_time`, `state`) VALUES (7, 7, 1, 1, now(), NULL, NULL, 1);
INSERT INTO `system_menu_role_rel` (`id`, `menu_id`, `role_id`, `create_user_id`, `create_time`, `update_user_id`, `update_time`, `state`) VALUES (8, 8, 1, 1, now(), NULL, NULL, 1);
INSERT INTO `system_menu_role_rel` (`id`, `menu_id`, `role_id`, `create_user_id`, `create_time`, `update_user_id`, `update_time`, `state`) VALUES (9, 9, 1, 1, now(), NULL, NULL, 1);
INSERT INTO `system_menu_role_rel` (`id`, `menu_id`, `role_id`, `create_user_id`, `create_time`, `update_user_id`, `update_time`, `state`) VALUES (10, 10, 1, 1, now(), NULL, NULL, 1);
INSERT INTO `system_menu_role_rel` (`id`, `menu_id`, `role_id`, `create_user_id`, `create_time`, `update_user_id`, `update_time`, `state`) VALUES (11, 11, 1, 1, now(), NULL, NULL, 1);
INSERT INTO `system_menu_role_rel` (`id`, `menu_id`, `role_id`, `create_user_id`, `create_time`, `update_user_id`, `update_time`, `state`) VALUES (12, 12, 1, 1, now(), NULL, NULL, 1);
INSERT INTO `system_menu_role_rel` (`id`, `menu_id`, `role_id`, `create_user_id`, `create_time`, `update_user_id`, `update_time`, `state`) VALUES (13, 13, 1, 1, now(), NULL, NULL, 1);
INSERT INTO `system_menu_role_rel` (`id`, `menu_id`, `role_id`, `create_user_id`, `create_time`, `update_user_id`, `update_time`, `state`) VALUES (14, 1, 2, 1, now(), NULL, NULL, 1);
INSERT INTO `system_menu_role_rel` (`id`, `menu_id`, `role_id`, `create_user_id`, `create_time`, `update_user_id`, `update_time`, `state`) VALUES (15, 2, 2, 1, now(), NULL, NULL, 1);

INSERT INTO `system_role_info` (`id`, `role_name`, `role_code`, `create_user_id`, `create_time`, `update_user_id`, `update_time`, `state`) VALUES (1, '管理员', 'admin', 1, now(), NULL, NULL, 1);
INSERT INTO `system_role_info` (`id`, `role_name`, `role_code`, `create_user_id`, `create_time`, `update_user_id`, `update_time`, `state`) VALUES (2, '普通用户', 'common', 1, now(), NULL, NULL, 1);

INSERT INTO `system_user_role_rel` (`id`, `user_id`, `role_id`, `create_user_id`, `create_time`, `update_user_id`, `update_time`, `state`) VALUES (1, 1, 1, 1, now(), NULL, NULL, 1);
INSERT INTO `system_user_role_rel` (`id`, `user_id`, `role_id`, `create_user_id`, `create_time`, `update_user_id`, `update_time`, `state`) VALUES (2, 1, 2, 1, now(), NULL, NULL, 1);
INSERT INTO `system_user_role_rel` (`id`, `user_id`, `role_id`, `create_user_id`, `create_time`, `update_user_id`, `update_time`, `state`) VALUES (3, 2, 2, 1, now(), NULL, NULL, 1);

INSERT INTO `system_user_info` (`id`, `user_name`, `password`, `salt`, `nick_name`, `phone`, `email`, `create_user_id`, `create_time`, `update_user_id`, `update_time`, `state`) VALUES (1, 'admin', '3044022019d81c7ceccdbe8498569a0c786085fe39d02c4c398762c295d4b7e4320d318f0220391da9fe8c49e08a0cf26db5fa523cf09456f174a4c2ce9cb4b57df7078e6a24', 'skwvt3uwxpxcyaoo', '管理员', '12333333333', NULL, 1, now(), NULL, NULL, 1);
INSERT INTO `system_user_info` (`id`, `user_name`, `password`, `salt`, `nick_name`, `phone`, `email`, `create_user_id`, `create_time`, `update_user_id`, `update_time`, `state`) VALUES (2, 'common', '304402204fb138eb392761f40a822c0630a4b8bdb3bedc89d786854edba997423ca135d702205a890746e97c371a5f548817a2ca7c58445451e65e025574db279f97bf1e7433', 'hr04uyzszfo2adeu', '普通用户', '13333333333', '', 1, now(), NULL, NULL, 1);


INSERT INTO `system_dict` (`id`, `dict_type`, `dict_type_name`, `dict_label`, `dict_value`, `dict_value2`, `dict_value3`, `dict_value4`, `dict_sort`, `state`, `create_user_id`, `create_time`, `update_user_id`, `update_time`) VALUES (1, 'SYS_KEY_PAIR', '系统公私钥', '系统公私钥', '0', '6b8c0f237c6f97c82682c0eddab082080cc909a8b6e8735eac874a59c2962658', '04c44236f742a4c98caea8e70b4f11d30ea391616f7018fa04d753e0849ca38fc06e70a4dff1b752f20605d866f4d14953d667b3c73506610043b83ad06a531cee', '0488f82d6a60977ac237a9b4c153cbd2ca95dc7081ad60e2edd2f42bb09bcd2cf27e79ee38aa35d8aa671b5567fa8ec4a448bbc2de77b234c735d14daa5fe26dbe', 0, 1, 1, now(), NULL, NULL);
